filename,start_time,end_time
3_5_2.csv,0,0
8_2_2.csv,0,0
11_1_3.csv,0,0
12_2_1.csv,0,0
11_3_1.csv,0,0
2_3_1.csv,0,0
1_2_1.csv,0,0
9_4_1.csv,0,0
2_1_3.csv,0,0
13_4_2.csv,0,0
10_5_2.csv,0,0
10_5_3.csv,0,0
13_4_3.csv,0,0
2_1_2.csv,0,0
11_1_2.csv,0,0
8_2_3.csv,0,0
3_5_3.csv,0,0
3_5_1.csv,0,0
8_2_1.csv,0,0
12_2_2.csv,0,0
11_3_2.csv,0,0
2_3_2.csv,0,0
9_4_2.csv,0,0
1_2_2.csv,0,0
13_4_1.csv,0,0
10_5_1.csv,0,0
2_1_1.csv,0,0
9_4_3.csv,0,0
1_2_3.csv,0,0
2_3_3.csv,0,0
11_3_3.csv,0,0
12_2_3.csv,0,0
11_1_1.csv,0,0
13_2_2.csv,0,0
10_3_2.csv,0,0
2_5_1.csv,0,0
1_4_1.csv,0,0
9_2_1.csv,0,0
12_4_1.csv,0,0
11_5_1.csv,0,0
3_3_2.csv,0,0
8_4_2.csv,0,0
8_4_3.csv,0,0
3_3_3.csv,0,0
3_1_1.csv,0,0
10_1_1.csv,0,0
10_3_3.csv,0,0
13_2_3.csv,0,0
13_2_1.csv,0,0
10_3_1.csv,0,0
2_5_2.csv,0,0
10_1_3.csv,0,0
9_2_2.csv,0,0
1_4_2.csv,0,0
12_4_2.csv,0,0
3_1_3.csv,0,0
11_5_2.csv,0,0
3_3_1.csv,0,0
8_4_1.csv,0,0
11_5_3.csv,0,0
3_1_2.csv,0,0
12_4_3.csv,0,0
9_2_3.csv,0,0
1_4_3.csv,0,0
10_1_2.csv,0,0
2_5_3.csv,0,0
13_5_1.csv,0,0
10_4_1.csv,0,0
2_2_2.csv,0,0
1_3_2.csv,0,0
9_5_2.csv,0,0
12_3_2.csv,0,0
8_1_3.csv,0,0
11_2_2.csv,0,0
3_4_1.csv,0,0
8_3_1.csv,0,0
12_1_1.csv,0,0
11_2_3.csv,0,0
8_1_2.csv,0,0
12_3_3.csv,0,0
1_3_3.csv,0,0
9_5_3.csv,0,0
2_2_3.csv,0,0
1_1_1.csv,0,0
13_5_2.csv,0,0
1_1_3.csv,0,0
10_4_2.csv,0,0
2_2_1.csv,0,0
9_5_1.csv,0,0
1_3_1.csv,0,0
12_3_1.csv,0,0
11_2_1.csv,0,0
3_4_2.csv,0,0
12_1_3.csv,0,0
8_3_2.csv,0,0
8_3_3.csv,0,0
12_1_2.csv,0,0
3_4_3.csv,0,0
8_1_1.csv,0,0
10_4_3.csv,0,0
1_1_2.csv,0,0
13_5_3.csv,0,0
3_2_1.csv,0,0
8_5_1.csv,0,0
12_5_2.csv,0,0
11_4_2.csv,0,0
13_1_3.csv,0,0
2_4_2.csv,0,0
1_5_2.csv,0,0
9_3_2.csv,0,0
13_3_1.csv,0,0
10_2_1.csv,0,0
9_1_1.csv,0,0
1_5_3.csv,0,0
9_3_3.csv,0,0
2_4_3.csv,0,0
13_1_2.csv,0,0
11_4_3.csv,0,0
12_5_3.csv,0,0
3_2_2.csv,0,0
8_5_2.csv,0,0
12_5_1.csv,0,0
11_4_1.csv,0,0
2_4_1.csv,0,0
9_3_1.csv,0,0
1_5_1.csv,0,0
13_3_2.csv,0,0
10_2_2.csv,0,0
9_1_3.csv,0,0
9_1_2.csv,0,0
10_2_3.csv,0,0
13_3_3.csv,0,0
13_1_1.csv,0,0
8_5_3.csv,0,0
3_2_3.csv,0,0
16_3_3.csv,0,0
15_2_3.csv,0,0
16_1_1.csv,0,0
5_1_1.csv,0,0
6_2_3.csv,0,0
5_3_3.csv,0,0
5_3_2.csv,0,0
6_2_2.csv,0,0
14_4_1.csv,0,0
17_5_1.csv,0,0
4_5_1.csv,0,0
7_4_1.csv,0,0
15_2_2.csv,0,0
16_3_2.csv,0,0
7_4_3.csv,0,0
16_1_2.csv,0,0
4_5_3.csv,0,0
17_5_3.csv,0,0
5_1_2.csv,0,0
14_4_3.csv,0,0
5_3_1.csv,0,0
6_2_1.csv,0,0
14_4_2.csv,0,0
5_1_3.csv,0,0
17_5_2.csv,0,0
4_5_2.csv,0,0
16_1_3.csv,0,0
7_4_2.csv,0,0
15_2_1.csv,0,0
16_3_1.csv,0,0
17_1_2.csv,0,0
6_4_3.csv,0,0
5_5_3.csv,0,0
16_5_3.csv,0,0
15_4_3.csv,0,0
4_1_2.csv,0,0
4_1_3.csv,0,0
15_4_2.csv,0,0
16_5_2.csv,0,0
4_3_1.csv,0,0
7_2_1.csv,0,0
14_2_1.csv,0,0
17_3_1.csv,0,0
5_5_2.csv,0,0
6_4_2.csv,0,0
17_1_3.csv,0,0
17_1_1.csv,0,0
17_3_3.csv,0,0
14_2_3.csv,0,0
7_2_3.csv,0,0
4_3_3.csv,0,0
4_1_1.csv,0,0
15_4_1.csv,0,0
16_5_1.csv,0,0
4_3_2.csv,0,0
7_2_2.csv,0,0
14_2_2.csv,0,0
17_3_2.csv,0,0
5_5_1.csv,0,0
6_4_1.csv,0,0
6_1_2.csv,0,0
17_4_3.csv,0,0
14_5_3.csv,0,0
7_5_3.csv,0,0
4_4_3.csv,0,0
15_1_2.csv,0,0
15_3_1.csv,0,0
16_2_1.csv,0,0
15_1_3.csv,0,0
4_4_2.csv,0,0
7_5_2.csv,0,0
14_5_2.csv,0,0
17_4_2.csv,0,0
6_1_3.csv,0,0
5_2_1.csv,0,0
6_3_1.csv,0,0
6_3_3.csv,0,0
5_2_3.csv,0,0
6_1_1.csv,0,0
15_1_1.csv,0,0
16_2_3.csv,0,0
15_3_3.csv,0,0
15_3_2.csv,0,0
16_2_2.csv,0,0
4_4_1.csv,0,0
7_5_1.csv,0,0
14_5_1.csv,0,0
17_4_1.csv,0,0
5_2_2.csv,0,0
6_3_2.csv,0,0
7_1_1.csv,0,0
7_3_3.csv,0,0
4_2_3.csv,0,0
17_2_3.csv,0,0
14_3_3.csv,0,0
14_1_1.csv,0,0
5_4_1.csv,0,0
6_5_1.csv,0,0
14_3_2.csv,0,0
17_2_2.csv,0,0
4_2_2.csv,0,0
7_3_2.csv,0,0
15_5_1.csv,0,0
16_4_1.csv,0,0
16_4_3.csv,0,0
7_1_2.csv,0,0
15_5_3.csv,0,0
6_5_3.csv,0,0
14_1_2.csv,0,0
5_4_3.csv,0,0
5_4_2.csv,0,0
14_1_3.csv,0,0
6_5_2.csv,0,0
14_3_1.csv,0,0
17_2_1.csv,0,0
4_2_1.csv,0,0
7_3_1.csv,0,0
15_5_2.csv,0,0
7_1_3.csv,0,0
16_4_2.csv,0,0
